id,kandidat,partiya,tip,tema,utverzhdenie,data,istochnik,source_url,tip_istochnika,citata,doverie,status,uroven_atributsii,zametka,scope
1,все,-,контекст,система выборов,"Выборы в ЗакС СПб VIII созыва проходят 18–20.09.2026; 50 мест: 25 одномандатных округов + 25 по партийным спискам (общегородской список и 25 региональных групп, привязанных к округам)",2026-09-18,Википедия (ст. «Выборы в Законодательное собрание Санкт-Петербурга (2026)»),https://ru.wikipedia.org/wiki/Выборы_в_Законодательное_собрание_Санкт-Петербурга_(2026),энциклопедия,«…по итогам голосования будет сформирован VIII созыв парламента сроком на пять лет»,прямая,подтверждено,СМИ-пересказ,версия статьи от 18.09.2026 09:15 UTC,контекст кампании
2,все,-,контекст,округ №3,"Округ №3: Петроградский район (Аптекарский остров, Введенский, Кронверкское, Петровский, Посадский, Чкаловское МО) + Приморский район (Ланское, частично МО Озеро Долгое); избирателей — 151 818",2026,Википедия (таблица округов),https://ru.wikipedia.org/wiki/Выборы_в_Законодательное_собрание_Санкт-Петербурга_(2026),энциклопедия,,прямая,подтверждено,СМИ-пересказ,,контекст кампании
3,все,-,контекст,округ №3,"В созыве 2021–2026 округ №3 принадлежал спикеру В. Макарову (перешёл в Госдуму); в 2021 мандат держала самовыдвиженец М. Лабынёва, в кампании 2026 она не участвует, а одномандатником решил стать Гладунов (в 2021 прошёл по списку)",2026-09,Петербургский формат,https://spbformat.ru/main/debatov-net-no-vrode-est-kak-prohodit-kampaniya-po-vyboram-v-zaks/,СМИ,«Этот округ в прошлом созыве остался закреплённым за ушедшим из парламента в Госдуму прежним спикером Вячеславом Макаровым. Депутатом в 2021 году здесь была избрана в качестве самовыдвиженца его дочь Марина Лабынёва. Но в кампании 2026 года она участвовать не стала. Потому что одномандатником на округе решил стать Юрий Гладунов»,косвенная,подтверждено,СМИ-пересказ,,контекст кампании
4,все,-,кампания,регистрации,"По округу №3 документы подали 7 кандидатов: Гладунов (ЕР), Дудоладов (СР), Зверев (ЛДПР), Луговской (КПРФ), Ф. Агеев (Яблоко), Д. Гинтовт (Новые люди), В. Горский (Зелёные)",2026-07-22,ЗакС.Ру,https://www.zaks.ru/new/archive/view/267807,СМИ,"«Помимо Горского и Гинтовта, по округу № 3 подали документы экс-член ТИК Федор Агеев (Яблоко), депутат Заксобрания Юрий Гладунов (Единая Россия), Глеб Дудоладов (Справедливая Россия), Артем Зверев (ЛДПР) и Роман Луговской (КПРФ)»",косвенная,подтверждено,СМИ-пересказ,,контекст кампании
5,все,-,кампания,регистрации,ТИК №54 20.07.2026 отказала в регистрации кандидату «Новых людей» Д. Гинтовту по округу №3 (не представил документы о ликвидации иностранных счетов); кандидат «Зелёных» В. Горский утратил статус (не донёс документы),2026-07-22,ЗакС.Ру (цитата решения ТИК №54),https://www.zaks.ru/new/archive/view/267807,СМИ,"«Отказать в регистрации кандидата в депутаты Законодательного Собрания Санкт-Петербурга восьмого созыва Гинтовта Дмитрия Владимировича… по одномандатному избирательному округу № 3, на основании пункта 11 статьи 41 Закона Санкт-Петербурга…»",косвенная,подтверждено,СМИ-пересказ,оригинал решения — на сайте ТИК №54,контекст кампании
6,все,-,контекст,двойное участие,"Зверев, Дудоладов и Луговской участвуют одновременно в региональных группах своих партий по 3 территории (ЛДПР №1, СР №2, КПРФ №1); Гладунов — только одномандатник",2026-09,Петербургский формат (таблицы округов),https://spbformat.ru/main/debatov-net-no-vrode-est-kak-prohodit-kampaniya-po-vyboram-v-zaks/,СМИ,,косвенная,подтверждено,СМИ-пересказ,,контекст кампании
7,все,-,кампания,правила кампании,"С 2026 действует 130-ФЗ: кандидатам запрещено использовать в агитации изображения/голоса/дипфейки, созданные нейросетями",2026-05-12,KP Ст.Петербург,https://www.spb.kp.ru/daily/277782/5248201/,СМИ,"«…кандидатам запрещено использовать в своей предвыборной агитации изображения, голоса и дипфейки, созданные с помощью нейросетей» (М. Мейксин)",косвенная,подтверждено,СМИ-пересказ,,контекст кампании
8,все,-,кампания,дебаты,В статье описаны неформальные дебаты кандидатов по округу №6; округ №3 в этом материале не упомянут.,2026-09-17,ЗакС.Ру,https://www.zaks.ru/new/archive/view/268938,СМИ,«В Петербурге 16 сентября прошли неформальные дебаты кандидатов в депутаты ЗакСа по округу № 6»,косвенная,подтверждено,СМИ-пересказ,"Это утверждение о содержании публикации, а не вывод о том, что дебатов по округу №3 не было.",контекст кампании
9,все,-,кампания,инциденты,17.09.2026 в МО «Автово» задержаны агитаторы от КПРФ и «Справедливой России» (фонд: кампании СР и КПРФ в городе),2026-09-17,ЗакС.Ру (Муниципал),https://www.zaks.ru/new/archive/view/268942,СМИ,«В МО Автово задержали агитаторов от КПРФ и Справедливой России»,косвенная,подтверждено,СМИ-пересказ,,контекст кампании
10,Гладунов Юрий Николаевич,Единая Россия,биография,личное дело,"Род. 09.09.1956, г. Куйбышев; 1975–1999 — служба в ВС СССР/РФ (Ленинградское высшее военно-политическое училище ПВО, Военно-политическая академия им. В.И. Ленина), полковник запаса; 2005 — Северо-Западная академия государственной службы",2026,pg.er.ru (профиль праймериз ЕР),https://pg.er.ru/candidate/595,партия,«Родился в г. Куйбышев. 1980 г - окончил Ленинградское высшее военно-политическое училище ПВО. 1989 г - окончил Военно-политическую академию им.В.И.Ленина. 2005 г - окончил Северо-Западную академию государственной службы. 1975-1999 годы - служба в рядах Вооруженных Сил СССР и РФ. Полковник запаса»,прямая,подтверждено,личное действие,,кандидат
11,Гладунов Юрий Николаевич,Единая Россия,биография,личное дело,1999–2011 — глава местной администрации (глава МО) г. Зеленогорск (Кронштадт),2026,ЗакС.Ру (досье персоны),https://www.zaks.ru/new/person/view/1664,СМИ,«С 1999 по октябрь 2011 гг. – глава администрации МО Зеленогорск»,косвенная,подтверждено,СМИ-пересказ,подтверждено также ideputat.er.ru и spb.er.ru,кандидат
12,Гладунов Юрий Николаевич,Единая Россия,биография,личное дело,Октябрь 2011 — сентябрь 2016 — глава администрации Петроградского района,2026,ЗакС.Ру (досье персоны),https://www.zaks.ru/new/person/view/1664,СМИ,«В октябре 2011 году назначен главой Петроградского района»,косвенная,подтверждено,СМИ-пересказ,подтверждено ЗакС.Ру 267029: «В прошлом Гладунов возглавлял администрацию Петроградского района»,кандидат
13,Гладунов Юрий Николаевич,Единая Россия,биография,партийная роль,С 2011 — секретарь политсовета Петроградского районного отделения партии «Единая Россия»,2026,ideputat.er.ru («Мой депутат»),https://ideputat.er.ru/user/167315,партия,«С 2011 года секретарь политсовета Петроградского районного отделения Партии ЕДИНАЯ РОССИЯ»,прямая,подтверждено,личное действие,,кандидат
14,Гладунов Юрий Николаевич,Единая Россия,биография,депутатство,"Сентябрь 2016 — избран депутатом ЗакСа VI созыва (единый округ); сентябрь 2021 — VII созыв (по партийным спискам); председатель постоянной комиссии по устройству государственной власти, местному самоуправлению и административно-территориальному устройству",2026,ЗакС.Ру (досье персоны),https://www.zaks.ru/new/person/view/1664,СМИ,"«В сентябре 2016 года избран депутатом Законодательного Собрания Санкт-Петербурга шестого созыва от единого избирательного округа. В сентябре 2021 года избран депутатом… седьмого созыва… Председатель постоянной комиссии по устройству государственной власти, местному самоуправлению и административно-территориальному устройству»",косвенная,подтверждено,СМИ-пересказ,профиль: assembly.spb.ru/general/composition/deputies/7th-convocation/gladunov-yuriy-nikolaevich/,кандидат
15,Гладунов Юрий Николаевич,Единая Россия,биография,партийная роль,В 2026 — член Президиума регионального политсовета «Единой России» (СПб),2026-05-15,pg.er.ru (лента новостей профиля),https://pg.er.ru/candidate/595,партия,"«…депутат Законодательного Собрания Санкт-Петербурга, член Президиума регионального политсовета партии Единая Россия Юрий Гладунов традиционно в составе…»",прямая,подтверждено,личное действие,,кандидат
16,Гладунов Юрий Николаевич,Единая Россия,поступок,кампания 2026,16.03.2026 — подал заявление на праймериз «Единой России» для выдвижения по одномандатному округу (окр. №3),2026-03-16,pg.er.ru (новость профиля),https://pg.er.ru/candidate/595,партия,«Депутат петербургского парламента Юрий Гладунов подал заявление для участия в предварительном голосовании Единой России на выборы в Законодательное Собрание Санкт-Петербурга по одномандатному…»,прямая,подтверждено,личное действие,,кандидат
17,Гладунов Юрий Николаевич,Единая Россия,поступок,кампания 2026,"На праймериз ЕР 2026 — 1-е место (свыше 4,4 тыс. голосов)",2026-06,ЗакС.Ру,https://www.zaks.ru/new/archive/view/267029,СМИ,"«На праймериз Единой России он набрал свыше 4,4 тысячи голосов и занял первое место»",косвенная,подтверждено,личное действие,первоисточник — результаты праймериз на pg.er.ru,кандидат
18,Гладунов Юрий Николаевич,Единая Россия,поступок,парламентская работа,Участие в заседании постоянного комитета Парламентской ассоциации Северо-Запада России (ПАСЗР) по вопросам местного самоуправления,2026-04,pg.er.ru (новость профиля),https://pg.er.ru/candidate/595,партия,«Принял участие в заседании постоянного комитета Парламентской Ассоциации Северо-Запад России по вопросам местного самоуправления»,прямая,подтверждено,личное действие,,кандидат
19,Гладунов Юрий Николаевич,Единая Россия,поступок,публичная деятельность,19.03.2026 — с депутатом К. Чебыкиным принял участие в отправке гуманитарного конвоя (Орденский Андреевский собор),2026-03-19,pg.er.ru (новость профиля),https://pg.er.ru/candidate/595,партия,«После завершения заседания парламента Северной столицы депутаты Законодательного Собрания Санкт-Петербурга Юрий Гладунов и Константин Чебыкин направились к Орденскому Андреевскому Собору на…»,прямая,подтверждено,личное действие,,кандидат
20,Гладунов Юрий Николаевич,Единая Россия,поступок,публичная деятельность,04.02.2026 — вместе с депутатами принял участие в отправке 85-го гуманитарного конвоя в зону СВО и прифронтовые регионы; груз включал помощь 6-й Ленинградской армии.,2026-02-04,Санкт-Петербургское отделение ЕР,https://spb.er.ru/activity/news/deputaty-otpravili-85-j-gumanitarnyj-konvoj-v-zonu-svo-i-prifrontovye-regiony,партия,«Юрий Гладунов приняли участие в отправке гуманитарного конвоя в зону СВО и прифронтовые регионы…»,прямая,подтверждено,личное действие,Персонально назван среди участников акции; источник — официальный сайт регионального отделения ЕР.,кандидат
21,Гладунов Юрий Николаевич,Единая Россия,поступок,публичная деятельность,21.08.2026 — с депутатами ЗакСа посетил зону СВО (встреча с Д. Малкевичем; передача автомобиля),2026-08-21,ЗакС.Ру,https://www.zaks.ru/new/archive/view/268360,СМИ,«Петербургские депутаты встретились с бывшим коллегой Малькевичем в зоне СВО»,косвенная,подтверждено,личное действие,также zaks.ru 267744: «Малькевич принял в зоне СВО автомобиль от депутатов Заксобрания»,кандидат
22,Гладунов Юрий Николаевич,Единая Россия,взгляд,роль местного самоуправления,"Муниципальные главы не должны считать себя «политиками высокого уровня»: большую политику ведут президент, ГД, СФ, правительство; на местах — решать вопросы «на земле» (круглый стол с главами МО, 24.09.2024)",2024-09-24,ЗакС.Ру (Муниципал),https://www.zaks.ru/new/archive/view/255611,СМИ,"«Хотел бы предостеречь всех от того, чтобы считать себя политиками высокого уровня. Вот политикой есть, кто занимается — это президент, есть Государственная дума, Совет Федерации, правительство — вот они пусть и занимаются как положено политикой. А на муниципальном уровне… нужно заниматься вопросами на земле»",косвенная,подтверждено,личное высказывание,,кандидат
23,Гладунов Юрий Николаевич,Единая Россия,взгляд,работы депутата,«Не бывает незначительных проблем»: работа в тесном контакте с жителями — важнейшая часть работы депутата,2021,ЗакС.Кодекс,http://zaks.kodeks.net/article/771/102192/Yuriy-Gladunov-Rabota-v-tesnom-kontakte-s-zhitelyami---vazhneyshaya-sostavlyayuschaya-raboty-deputata,СМИ,"«Работа в тесном контакте с жителями, органами местного самоуправления - важнейшая составляющая работы депутата. Не бывает незначительных проблем, всё, с чем приходят жители заслуживает большого внимания, и должно решаться с учетом их интересов»",прямая,подтверждено,личное высказывание,,кандидат
24,Гладунов Юрий Николаевич,Единая Россия,поступок,приёмы граждан,"Регулярно проводит личные приёмы граждан (ЖКХ, социальная защита, жилищные условия; 2026 — вопросы занятости и обращения по мартovým счетам за отопление — апелляция к прокурору СПб)",2021-2026,ideputat.er.ru («Мой депутат»),https://ideputat.er.ru/user/167315,партия,«На прошедшем приеме граждан поднимались вопросы поиска работы» / «По вопросу мартовских счетов за отопление обратился за поддержкой к Прокурору Санкт-Петербурга»,прямая,подтверждено,личное действие,лента обновляется — постоянный источник,кандидат
25,Гладунов Юрий Николаевич,Единая Россия,биография,соцсети,"Личные каналы: VK dep_gladunov, MAX dep_gladunov, Одноклассники (профиль 601843707672); Telegram-канал — 81 подписчик на 11.2022",2026,pg.er.ru + Невские Новости (neva.today),https://pg.er.ru/candidate/595,партия,«Страницы в соцсетях: https://max.ru/dep_gladunov https://vk.com/dep_gladunov https://ok.ru/profile/601843707672»,прямая,подтверждено,личное действие,еженедельный срез постов = новые строки «взгляд»,кандидат
26,Дудоладов Глеб Борисович,Справедливая Россия,кампания,выдвижение,Утверждён съездом «Справедливой России» кандидатом по одномандатному округу №3 на выборах в ЗакС 2026,2026-07-05,МР7,https://mr-7.ru/articles/2026/07/05/spravedlivorossy-utverdili-sostav-kandidatov-v-peterburgskie-deputaty-news,СМИ,«округ №3: Глеб Дудоладов»,косвенная,подтверждено,СМИ-пересказ,первоисточник — TG-канал партии t.me/spravPiter (пост 7032),кандидат
27,Дудоладов Глеб Борисович,Справедливая Россия,кампания,регистрация,Подавал документы для регистрации по округу №3; дополнительно входит в региональную группу СР по 3 территории (№2 в группе),2026-07-22,ЗакС.Ру + Петербургский формат,https://www.zaks.ru/new/archive/view/267807,СМИ,«…Глеб Дудоладов (Справедливая Россия)… по округу № 3 подали документы»,косвенная,подтверждено,СМИ-пересказ,,кандидат
28,Дудоладов Глеб Борисович,Справедливая Россия,бизнес,предпринимательство,"Руководитель и 100%-ный учредитель ООО «ПЕТРОДИЗЕЛЬ» (ИНН 7806331716, ОГРН 1067847290950) — деятельность агентов по оптовой торговле топливом; адрес: СПб, Коломяжский пр-т, 33; 4 сотрудника; учредитель ООО «АВТОПЕТРОЛЕУМ» (топливо) и ООО «КОНСТРУКЦИЯ» (строительство жилья)",2006-2026,unfall.ru / checko.ru / zachestnyibiznes.ru,https://unfall.ru/person/312003007186,реестр,,прямая,подтверждено,личное действие,из песочницы unfall/checko в гео-блоке — данные через кэш поиска и spark-interfax/RBC,кандидат
29,Дудоладов Глеб Борисович,Справедливая Россия,бизнес,предпринимательство,Бывший учредитель ООО «НЕФТЕХИМ» (2005–2011); бизнес с 2005 г.; ИНН 312003007186 выдан в Белгородской области; предпринимательская деятельность в СПб и Белгородской области,2005-2026,zachestnyibiznes.ru,https://zachestnyibiznes.ru/fl/312003007186,реестр,«Впервые стал(а) руководителем ООО ПЕТРОДИЗЕЛЬ с 15.02.2006 настоящее время. Начал(а) предпринимательскую деятельность ООО НЕФТЕХИМ с 10.11.2005 по 05.04.2011»,прямая,подтверждено,личное действие,,кандидат
30,Дудоладов Глеб Борисович,Справедливая Россия,бизнес,семейные связи,Супруга Н.С. Дудоладова — генеральный директор ООО «АВТОПЕТРОЛЕУМ» (учредитель — Г.Б. Дудоладов),2016-2026,checko.ru (выписка),https://checko.ru/company/avtopetroleum-1089847177309,реестр,,прямая,подтверждено,личное действие,,кандидат
32,Зверев Артём Александрович,ЛДПР,биография,партийная роль,Координатор Петроградского местного отделения ЛДПР (по данным сайта реготделения — актуально),2026,spb.ldpr.ru,https://spb.ldpr.ru/members/sankt_peterburg/zverev-artyem-aleksandrovich/,партия,«Координатор Петроградского местного отделения ЛДПР»,прямая,подтверждено,личное действие,,кандидат
33,Зверев Артём Александрович,ЛДПР,биография,личное дело,Уроженец Воронежа; р. 02.01.1990; в ЛДПР с конца 2009 г.; многодетный отец (трое детей); бизнес с детства,2026-06,ЗакС.Ру + gogov.ru,https://www.zaks.ru/new/archive/view/267029,СМИ,"«Зверев — уроженец Воронежа. С детства, по его словам, занимается бизнесом. Отец троих детей. В партии состоит с конца 2009 года»",косвенная,подтверждено,СМИ-пересказ,,кандидат
34,Зверев Артём Александрович,ЛДПР,биография,бизнес,"Директор сети стоматологических клиник; бизнес ведёт с супругой — Ю. Зверева, главный врач (весной 2026 участвовала в праймериз ЕР в ГД по окр. №218)",2026-06,ЗакС.Ру,https://www.zaks.ru/new/archive/view/267029,СМИ,"«Сейчас, судя по данным профильных ресурсов, Зверев является директором сети стоматологических клиник. Бизнес он ведет вместе с супругой. Юлия Зверева занимает пост главного врача»",косвенная,подтверждено,СМИ-пересказ,профильные ресурсы (ЕГРЮЛ) — уточнить точные юрлица,кандидат
35,Зверев Артём Александрович,ЛДПР,биография,образование,Завершает аспирантуру на кафедре международной экономики РАНХиГС,2026-06,ЗакС.Ру,https://www.zaks.ru/new/archive/view/267029,СМИ,«продолжает учебу — заканчивает аспирантуру на кафедре международной экономики РАНХиГС»,косвенная,подтверждено,СМИ-пересказ,,кандидат
36,Зверев Артём Александрович,ЛДПР,кампания,выдвижение,2 июня 2026 выдвинут ЛДПР кандидатом по 3-му округу ЗакСа; 3 июля включён в официальный список партии,2026-06-02,ЗакС.Ру,https://www.zaks.ru/new/archive/view/267029,СМИ,«Кандидатом от ЛДПР на выборах депутатов Законодательного собрания Петербурга в 3-м избирательном округе станет координатор отделения партии в Петроградском районе Артем Зверев»,косвенная,подтверждено,СМИ-пересказ,список партии: zaks.ru 267535 (03.07.2026),кандидат
37,Зверев Артём Александрович,ЛДПР,кампания,федеральный трек,Одновременно — кандидат ЛДПР в ГД РФ IX созыва по одномандатному округу №213 (Северный) — зарегистрирован (р. 02.01.1990),2026-06-23,ЗакС.Ру + gogov.ru,https://www.zaks.ru/new/archive/view/267388,СМИ,"«Округ № 213 – глава Петроградского отделения Артем Зверев» / «Зверев Артём Александрович… 02.01.1990, ЛДПР, зарегистрирован»",косвенная,подтверждено,СМИ-пересказ,материалы федеральной кампании — отдельный пласт источников,кандидат
38,Зверев Артём Александрович,ЛДПР,поступок,агитация,"Активная уличная агитация: два передвижных плаката («колёсика») у станций метро «Проспект Просвещения» и «Озерки»; слоган «Выбери ЛДПР Спаси Россию!»; на баннере: многодетный отец, аспирант РАНХиГС, общественный деятель",2026-09-07,Форпост Северо-Запад,https://forpost-sz.ru/a/2026-09-07/spasi-rossiyu-kak-agitiruyut-kandidaty-v-deputaty-v-peterburge,СМИ,«Активную агитацию перед выборами ведёт кандидат от ЛДПР Артём Зверев… за него агитируют сразу два передвижных плаката на «колёсиках» у станций метро «Проспект Просвещения» и «Озерки»»,косвенная,подтверждено,личное действие,,кандидат
39,Зверев Артём Александрович,ЛДПР,взгляд,ценности,"Свои слова из соцсетей: близки понятия сильного государства, порядка и справедливости; партию делал В. Жириновский; «важно, чтобы правила игры были понятны и одинаковы для всех»; «Здесь живут люди, которым нужна реальная помощь, а не просто громкие слова»",2026,ЗакС.Ру (цитата поста из соцсетей),https://www.zaks.ru/new/archive/view/267029,СМИ,"«Мне всегда были близки понятия сильного государства, порядка и справедливости, партию делал сильный лидер — Владимир Вольфович Жириновский. Это не абстрактные вещи. Для меня, как для человека, который создавал свое дело, важно, чтобы правила игры были понятны и одинаковы для всех. С недавних пор моя работа — это координация отделения в Петроградском районе. Здесь живут люди, которым нужна реальная помощь, а не просто громкие слова», – писал о себе Зверев в соцсетях",прямая,подтверждено,личное высказывание,оригинал — в его соцсети; URL поста установить в разд. 3 аудита,кандидат
40,Луговской Роман Андреевич,КПРФ,биография,личное дело,"Р. 1984; место работы (2016) — ООО «Уайт-холл–Санкт-Петербург», менеджер по продажам; член КПРФ",2016,ppt.ru (профиль кампании 2016),http://ppt.ru/person.phtml?id=10158,СМИ,"«Родился в 1984 г. ООО «Уайт-холл-Санкт-Петербург», менеджер по продажам, Член КПРФ»",косвенная,подтверждено,СМИ-пересказ,,кандидат
41,Луговской Роман Андреевич,КПРФ,биография,партийная роль,Секретарь (2015) / первый секретарь Петроградского райкома КПРФ (2026),2015-2026,old.cprfspb.ru + kprf.ru,http://old.cprfspb.ru/16156.html,партия,«…секретарь Петроградского райкома КПРФ Роман Андреевич Луговской» (2015) / «выступил первый секретарь Петроградского райкома КПРФ Роман Луговской» (22.04.2026),прямая,подтверждено,личное действие,,кандидат
42,Луговской Роман Андреевич,КПРФ,поступок,кампания 2015-2016,"Кандидат КПРФ по окр. №3 на выборы в ЗакС VI созыва; участвует в агитационных пикетах в Петроградском районе (Александровский парк, раздача партийной прессы, общение с избирателями)",2015,old.cprfspb.ru (архив КПРФ СПб),http://old.cprfspb.ru/16156.html,партия,"«Коммунисты Петроградского районного отделения КПРФ провели очередной пикет в Александровском парке… В раздаче партийной прессы регулярно принимает участие кандидат в депутаты… по одномандатному избирательному округу №3, секретарь Петроградского райкома КПРФ Роман Андреевич Луговской»",прямая,подтверждено,личное действие,страницы 2015-2016 на old.cprfspb.ru (на новом cprfspb.ru — 404),кандидат
43,Луговской Роман Андреевич,КПРФ,поступок,кампания 2016,Входил в список КПРФ по единому избирательному округу на выборах в ЗакС 2016 (№40 в списке),2016,kprf.ru (пресс-релиз),https://kprf.ru/news/pr/46821.html,партия,"«Луговской Роман Андреевич, род. в 1984 г. ООО «Уайт-холл-Санкт-Петербург», менеджер по продажам, Член КПРФ»",прямая,подтверждено,личное действие,,кандидат
44,Луговской Роман Андреевич,КПРФ,поступок,кампания 2021,В кампании 2021 (окр. №3) оспаривал в суде регистрацию кандидата «Яблока» К. Михайловой (суд подтвердил отказ ей в регистрации; она выбыла из бюллетеней),2021,VK-сообщество (club43962110) + Петербургский формат 2021,https://vk.com/club43962110,соцсети,«Кандидат в депутаты Законодательного собрания по округу №3 (Петроградский район) от КПРФ Роман Луговской пытается через суд оспорить регистрацию на выборы кандидата от «Яблока» Ксении Михайловой»,косвенная,подтверждено,личное действие,подтверждено добавлениями spbformat.ru за 01.09.2021 и 16.09.2021,кандидат
45,Луговской Роман Андреевич,КПРФ,поступок,партийная деятельность,22.04.2026 — на праздновании дня рождения В.И. Ленина выступил на возложении цветов к памятнику на Петроградской стороне; отметил роль Ленина в истории России,2026-04-22,kprf.ru (пресс-служба горкома),https://kprf.ru/party-live/regnews/243282.html,партия,"«В ходе возложения цветов к памятнику революционеру на Петроградской стороне выступил первый секретарь Петроградского райкома КПРФ Роман Луговской, который отметил важность этой личности в истории России»",прямая,подтверждено,личное действие,,кандидат
46,Луговской Роман Андреевич,КПРФ,кампания,регистрация 2026,Кандидат КПРФ по одномандатному окр. №3 и №1 в региональной группе КПРФ по 3 территории; действующий ответственный Петроградского района горкома КПРФ (тел. +7 952 202-39-39),2026,Петербургский формат + cprfspb.ru,https://cprfspb.ru/rajonnye-organizacii/,партия,«Петроградский район — Имя: Луговской Роман Андреевич — Телефон: +7 (952) 202-39-39»,прямая,подтверждено,СМИ-пересказ,,кандидат
48,все,-,кампания,наблюдение,18.09.2026 (1-й день голосования) представители КПРФ подают жалобы в связи с недопуском наблюдателей к работе,2026-09-18,ЗакС.Ру,https://www.zaks.ru/new/archive/view/268957,СМИ,«Представители КПРФ подали жалобы из-за недопуска наблюдателей к работе»,косвенная,подтверждено,СМИ-пересказ,"партийное действие, не личное",контекст кампании
49,Гладунов Юрий Николаевич,Единая Россия,взгляд,отношение к СВО,"В обращении к участию в праймериз назвал ковид и специальную военную операцию тяжёлыми событиями VII созыва и сказал, что единороссы неоднократно бывали в непосредственной близости к зоне СВО и на новых территориях.",2026-03-12,Единая Россия СПб — сообщение о праймериз,https://spb.er.ru/activity/news/yurij-gladunov-i-vladimir-shamahov-budut-uchastvovat-v-predvaritelnom-golosovanii-edinoj-rossii-v-petrogradskom-rajone,партия,«На седьмой созыв депутатов ЗакСа выпали тяжелые события — ковид и специальная военная операция… именно единороссы не раз бывали в непосредственной близости к зоне СВО и на новых территориях»,прямая,подтверждено,личное высказывание,Содержание также пересказано ЗакС.Ру: https://www.zaks.ru/new/archive/view/265756,кандидат
50,Гладунов Юрий Николаевич,Единая Россия,поступок,поездка в зону СВО и Донбасс,В октябре 2023 года вместе с депутатами ЗакСа побывал в зоне СВО и Мариуполе; в поездке депутаты проехали по Донбассу более 600 км и передали помощь.,2023-10-16,ЕР СПб (архив Wayback),https://web.archive.org/web/20231023232341/https:/spb.er.ru/activity/news/deputaty-edinorossy-peterburga-pobyvali-v-zone-svo-i-mariupole-chtoby-peredat-pomosh-i-skazat-slova-podderzhki-voennym-i-zhitelyam,партийный архив,"«Александр Бельский, Константин Чебыкин, Юрий Гладунов и Анастасия Мельникова проехали по Донбассу более 600 километров»",прямая,подтверждено,личное действие,Архивная ссылка на материал регионального отделения ЕР.,кандидат
51,Гладунов Юрий Николаевич,Единая Россия,взгляд,поддержка военнослужащих,"В комментарии к 50-му конвою сказал, что после поездки в расположение Ленинградского полка иначе воспринимает слова о зависимости будущего России от солдат и офицеров.",2024-11-26,ЕР СПб — 50-й конвой,https://spb.er.ru/activity/news/deputaty-peterburgskogo-parlamenta-dostavili-50-j-konvoj-s-gumanitarnym-gruzom-v-raspolozhenie-leningradskogo-polka,партия,"«Здесь, чувствуешь и осознаёшь эти слова совершенно иначе, нежели, когда ты находишься в кабинете, в транспорте, в парке, в кругу семьи»",прямая,подтверждено,личное высказывание,В том же материале он назван участником командировки.,кандидат
52,Гладунов Юрий Николаевич,Единая Россия,поступок,поездка и гуманитарный груз,В апреле 2025 года вместе с депутатами ЗакСа отправился в очередную командировку в зону СВО к бойцам Гвардейского Ленинградского полка.,2025-04-11,ЗакС.Ру,https://www.zaks.ru/new/archive/view/260474,СМИ,«Группа депутатов Законодательного собрания Петербурга в составе… Юрия Гладунова отправились в зону проведения специальной военной операции»,косвенная,подтверждено,личное действие,Материал ссылается на сообщение Александра Бельского в соцсетях.,кандидат
53,Гладунов Юрий Николаевич,Единая Россия,поступок,гуманитарный конвой,04.02.2026 — участвовал в отправке 85-го гуманитарного конвоя в зону СВО и прифронтовые регионы; один автомобиль направлялся в расположение 6-й Ленинградской армии.,2026-02-04,ЕР СПб — официальный материал,https://spb.er.ru/activity/news/deputaty-otpravili-85-j-gumanitarnyj-konvoj-v-zonu-svo-i-prifrontovye-regiony,партия,«…Юрий Гладунов приняли участие в отправке гуманитарного конвоя в зону СВО и прифронтовые регионы»,прямая,подтверждено,личное действие,В официальном списке участников акции назван поимённо.,кандидат
54,Гладунов Юрий Николаевич,Единая Россия,поступок,поддержка участников СВО и семей,23.03.2026 — вместе с Константином Чебыкиным провёл в региональном отделении ЕР круглый стол о поддержке участников спецоперации и их семей.,2026-03-23,Профиль Гладунова на сайте праймериз ЕР,https://pg.er.ru/candidate/595,партия,«Круглый стол по поддержке участников спецоперации и их семей в Санкт-Петербурге… Константин Чебыкин и Юрий Гладунов провели круглый стол»,прямая,подтверждено,личное действие,Пост доступен в ленте профиля; отдельный URL поста движок страницы не отдаёт.,кандидат
55,Гладунов Юрий Николаевич,Единая Россия,поступок,гуманитарный конвой,"07.04.2026 — участвовал в организации и отправке 89-го пасхального гуманитарного конвоя для бойцов и жителей прифронтовых территорий; в составе груза были квадрокоптеры, маскировочные сети, средства РЭБ и медикаменты.",2026-04-07,Санкт-Петербургская митрополия,https://mitropolia.spb.ru/news/parishs/?id=285833,религиозная организация,"«Поездку организовали депутаты Заксобрания Анастасия Мельникова, Константин Чебыкин, Юрий Гладунов и Антон Рудаков… В составе груза — квадрокоптеры, маскировочные сети, противоосколочные накидки…»",косвенная,подтверждено,личное действие,Гладунов поимённо назван организатором поездки.,кандидат
56,Гладунов Юрий Николаевич,Единая Россия,поступок,поездка и гуманитарный груз,"18.04.2026 — вошёл в группу депутатов, доставившую 90-й гуманитарный груз военным в зоне СВО; поездка стала 30-й командировкой петербургского парламента в зону СВО.",2026-04-18,ЗакС.Ру,https://www.zaks.ru/new/archive/view/266304,СМИ,"«Кроме Бельского в поездку отправились Валерий Гарнец, Юрий Гладунов, Владимир Носов и Константин Чебыкин… Это уже 90-й гуманитарный груз… и 30-я командировка в зону СВО»",косвенная,подтверждено,личное действие,Поимённо назван среди участников.,кандидат
57,Гладунов Юрий Николаевич,Единая Россия,поступок,помощь подразделению в зоне СВО,17.07.2026 — участвовал в передаче автомобиля подразделению спецназа «Ахмат»; машина должна была получить средства РЭБ и другое оборудование.,2026-07-17,ЗакС.Ру,https://www.zaks.ru/new/archive/view/267744,СМИ,"«…автомобиль от бывших коллег по городскому парламенту — председателя ЗакСа Александра Бельского, депутатов Константина Чебыкина и Юрия Гладунова»",косвенная,подтверждено,личное действие,Источник цитирует пресс-службу ЕР и слова Александра Малькевича.,кандидат
58,Гладунов Юрий Николаевич,Единая Россия,поступок,поездка в зону СВО,"21.08.2026 — участвовал в командировке депутатов ЗакСа в зону СВО: группа посетила спецназ «Ахмат», встретилась с Александром Малькевичем и передала бойцам памятные знаки.",2026-08-21,ЗакС.Ру,https://www.zaks.ru/new/archive/view/268360,СМИ,«Кроме Бельского и Чебыкина в поездку также отправились депутаты Заксобрания Валерий Гарнец и Юрий Гладунов. Парламентарии передали бойцам памятные знаки…»,косвенная,подтверждено,личное действие,,кандидат
59,Зверев Артём Александрович,ЛДПР,взгляд,поддержка участников СВО,Считает поддержку бойцов СВО и заботу о них приоритетным направлением работы местного отделения ЛДПР.,2026-08-21,ЛДПР Санкт-Петербург,https://spb.ldpr.ru/event/prazdnik-vmeste-s-zashchitnikami-otechestva-spb/,партия,«Поддержка бойцов СВО и забота о них остаются одним из приоритетных направлений нашей работы»,прямая,подтверждено,личное высказывание,Высказывание опубликовано на официальном сайте регионального отделения и атрибутировано Звереву.,кандидат
60,Зверев Артём Александрович,ЛДПР,поступок,поддержка раненых военнослужащих,21.08.2026 — участвовал в мероприятии в 442-м военном клиническом госпитале: концерт был организован для участников СВО.,2026-08-21,ЛДПР Санкт-Петербург,https://spb.ldpr.ru/event/prazdnik-vmeste-s-zashchitnikami-otechestva-spb/,партия,«В 442-м военном клиническом госпитале состоялся концерт… в поддержку военнослужащих специальной военной операции»,прямая,подтверждено,личное действие,На странице Зверев назван координатором Петроградского местного отделения.,кандидат
61,Дудоладов Глеб Борисович,Справедливая Россия,партийный контекст,ветераны СВО и семьи,"Партия «Справедливая Россия» предлагает трёхуровневую программу реабилитации, переобучения и трудоустройства ветеранов СВО, включая квоту 3% в госорганах и госорганизациях.",2026-06-06,Справедливая Россия — официальное заявление,https://spravedlivo.ru/16228710,партия,"«СПРАВЕДЛИВАЯ РОССИЯ предлагает запустить общероссийскую трехуровневую программу реабилитации, переобучения и трудоустройства ветеранов СВО…»",прямая,подтверждено,партийная активность,Партийная позиция; это не индивидуальное высказывание Дудоладова и не доказательство его личного участия.,"партийная позиция, не личное заявление"
62,Дудоладов Глеб Борисович,Справедливая Россия,партийный контекст,программа 2026,"В «Манифесте справедливости» СР заявлены единый стандарт поддержки военнослужащих и семей, бесплатная реабилитация, земельные участки, списание долгов и квоты на трудоустройство.",2026-07-04,Московское отделение СР — публикация манифеста,https://moskva.spravedlivo.ru/28703410,партия,"«Первый раздел программы посвящён поддержке защитников Родины… единый федеральный стандарт поддержки… бесплатную реабилитацию… предоставление земельных участков, списание долгов и квоты…»",прямая,подтверждено,партийная активность,Партийная программа; личная позиция кандидата требует отдельного подтверждения.,"партийная позиция, не личное заявление"
63,Зверев Артём Александрович,ЛДПР,партийный контекст,ветераны СВО и семьи,ЛДПР объявляет поддержку ветеранов СВО одним из приоритетов работы партии на 2026 год.,2025-12-31,ЛДПР — итоги выборов 2025 и приоритеты 2026,https://ldpr.ru/event/448157/,партия,"«Приоритеты ЛДПР – это поддержка ветеранов СВО, борьба с неравенством, защита детей и пенсионеров, поддержка семей и улучшение качества жизни»",прямая,подтверждено,партийная активность,Партийная позиция; не индивидуальное заявление Зверева.,"партийная позиция, не личное заявление"
64,Луговской Роман Андреевич,КПРФ,партийный контекст,помощь участникам СВО,"КПРФ заявляет о продолжении помощи жителям прифронтовых территорий, участникам СВО и членам их семей в рамках «Программы Победы».",2026-04-30,КПРФ Москва — «Программа Победы»,https://msk.kprf.ru/2026/04/30/286493/,партия,"«Продолжать оказание помощи жителям прифронтовых территорий, участникам специальной военной операции и членам их семей»",прямая,подтверждено,партийная активность,Партийная позиция; публикация не приписывает это высказывание Луговскому.,"партийная позиция, не личное заявление"
65,Луговской Роман Андреевич,КПРФ,партийный контекст,гуманитарная помощь,Петербургское отделение КПРФ публиковало призыв собирать гуманитарную помощь жителям Донецка и Луганска; публикация не называет Луговского участником акции.,2022-08-29,КПРФ Санкт-Петербург,https://cprfspb.ru/news/sbor-ghumanitarnoi-pomoshchi-zhitieliam-donietska-i-lughanska/,партия,«Санкт-Петербургское городское отделение КПРФ просит оказать содействие в сборе гуманитарной помощи»,прямая,подтверждено,партийная активность,Не засчитывать как личное действие кандидата без отдельного источника.,"партийная деятельность, кандидат не назван"
66,Дудоладов Глеб Борисович,Справедливая Россия,проверка атрибуции,личные высказывания по СВО,"В проверенной публикации СР изложена партийная программа поддержки ветеранов СВО; Дудоладов не назван участником и не цитируется, поэтому эта страница не даёт персонального подтверждения его позиции.",2026-06-06,Справедливая Россия — официальное заявление,https://spravedlivo.ru/16228710,партия,«СПРАВЕДЛИВАЯ РОССИЯ предлагает запустить общероссийскую трехуровневую программу…»,прямая,результат поиска,не найдено,"Страница подтверждает партийную позицию, но не личную позицию Дудоладова; отрицательный результат не означает, что события не было.",не найдено в проверенной публикации
67,Луговской Роман Андреевич,КПРФ,проверка атрибуции,личные действия по СВО,"В проверенной публикации КПРФ о сборе помощи жителям Донецка и Луганска описана партийная акция; Луговской не назван участником, поэтому эта страница не даёт персонального подтверждения его действия.",2022-08-29,КПРФ Санкт-Петербург — сбор помощи,https://cprfspb.ru/news/sbor-ghumanitarnoi-pomoshchi-zhitieliam-donietska-i-lughanska/,партия,«Санкт-Петербургское городское отделение КПРФ просит оказать содействие в сборе гуманитарной помощи»,прямая,результат поиска,не найдено,"Страница не подтверждает личное участие Луговского; отрицательный результат не означает, что события не было.",не найдено в проверенной публикации
