id,kategoriya,istochnik,url,kto,cto_daet,status_dostupa,zametka
S01,официальный,ГАС «Выборы» — страница кампании ЗакС СПб 2026,http://izbirkom.ru/election/588148278/,все,избирком/комиссии/кандидаты/протоколы,500 из песочницы; в браузере открывается,основной официальный узел кампании
S02,официальный,Карточка кандидата — Гладунов (ЕР),http://izbirkom.ru/election/588148278/commission/e6db5e52-02be-4804-8456-38b14ed1af86/candidates/338cee38-5361-447d-97c9-c446ac26d731,Гладунов,ФИО/рождение/образование/работа/доходы,500 из песочницы; в браузере открывается,ссылка из spbformat.ru (сент. 2026)
S03,официальный,Карточка кандидата — Дудоладов (СР),http://izbirkom.ru/election/588148278/commission/e6db5e52-02be-4804-8456-38b14ed1af86/candidates/2489188a-89df-46fc-893b-9e6b5488cbf9,Дудоладов,то же,500 из песочницы; в браузере открывается,
S04,официальный,Карточка кандидата — Зверев (ЛДПР),http://izbirkom.ru/election/588148278/commission/e6db5e52-02be-4804-8456-38b14ed1af86/candidates/521a8097-1fb7-4327-953f-c349cdb3fe3f,Зверев,то же,500 из песочницы; в браузере открывается,
S05,официальный,Карточка кандидата — Луговской (КПРФ),http://izbirkom.ru/election/588148278/commission/e6db5e52-02be-4804-8456-38b14ed1af86/candidates/af825214-3acc-43b1-9f99-5034a599952f,Луговской,то же,500 из песочницы; в браузере открывается,
S06,официальный,ГИК Санкт-Петербурга,https://st-petersburg.izbirkom.ru/,все,протоколы/отказы/отчёты о расходах/встречи с избирателями,недоступен из песочницы,глава — М. Мейксин
S07,официальный,Решение ТИК №54 (окр. №3) — отказ Гинтовту,https://www.zaks.ru/new/archive/view/267807,округ №3,цитата официального решения 20.07.2026,доступно,оригинал — на сайте ТИК №54
S08,официальный,Отчёты о расходах избирательных фондов,https://st-petersburg.izbirkom.ru/,все,расходы кандидатов (строка «расходы» матрицы),недоступен из песочницы,срез данных: forpost-sz 07.09.2026
S09,официальный,ЗакС СПб — профиль Гладунова (VII созыв),https://www.assembly.spb.ru/general/composition/deputies/7th-convocation/gladunov-yuriy-nikolaevich/,Гладунов,комиссия/вопросы/слушания/голосования 2021–2026,проверить из браузера,5 лет хроники поступков
S10,официальный,ГАС «Выборы» — ГД РФ 2026 (окр. №213),http://izbirkom.ru/ (раздел федеральной кампании),Зверев,федеральная кампания,500 из песочницы,сводка: gogov.ru/candidates-sep26/pushkin
S11,партия,Праймериз ЕР — профиль Гладунова,https://pg.er.ru/candidate/595,Гладунов,биография/«О себе»/видеообращения/лента,доступно (ленив. рендер — через поиск),страница может рендериться JS
S12,партия,Праймериз ЕР — новости СПб 2026,https://pg.er.ru/candidate/639/events/10184,все,статистика праймериз/бонус СВО/Омельницкий,доступно,
S13,партия,ЕР «Мой депутат» — Гладунов,https://ideputat.er.ru/user/167315,Гладунов,полная биография/награды/приёмы/посты,доступно,
S14,партия,ЛДПР СПб — профиль Зверева,https://spb.ldpr.ru/members/sankt_peterburg/zverev-artyem-aleksandrovich/,Зверев,должность/телефон/новости,доступно,
S15,партия,ЛДПР — федеральный сайт,https://ldpr.ru,Зверев,программа ЛДПР 2026 (контекст взглядов),доступно,
S16,партия,СР СПб — TG-канал реготделения,https://t.me/spravPiter,Дудоладов,выдвижение (пост 7032)/посты с участием,недоступен из песочницы,
S17,партия,СР СПб — TG-канал Н. Тихоновой,https://t.me/tihonovaNG,Дудоладов,позиции руководства партии,недоступен из песочницы,
S18,партия,КПРФ СПб — сайт горкома,https://cprfspb.ru/,Луговской,райкомы/пресс-центр/списки,доступно,
S19,партия,КПРФ СПб — районные организации,https://cprfspb.ru/rajonnye-organizacii/,Луговской,контакты (телефон райкома),доступно,
S20,партия,КПРФ — региональные новости (акция 22.04.2026),https://kprf.ru/party-live/regnews/243282.html,Луговской,выступление первого секретаря райкома,доступно,
S21,партия,КПРФ — список по единому округу 2016,https://kprf.ru/news/pr/46821.html,Луговской,№40 в списке КПРФ 2016,доступно,
S22,партия,КПРФ СПб — архив 2015 (old.cprfspb.ru),http://old.cprfspb.ru/16156.html,Луговской,пикеты 2015/кандидат окр. №3 VI созыва,доступно,на новом cprfspb.ru эти URL — 404
S23,соцсети,Гладунов — ВКонтакте,https://vk.com/dep_gladunov,Гладунов,посты/взгляды,закрыт (VK) из песочницы,первоисточник взглядов
S24,соцсети,Гладунов — MAX,https://max.ru/dep_gladunov,Гладунов,посты/взгляды,проверить из браузера,
S25,соцсети,Гладунов — Одноклассники,https://ok.ru/profile/601843707672,Гладунов,посты,проверить из браузера,
S26,соцсети,Гладунов — Telegram,не установлен (на 11.2022 — 81 подписчик),Гладунов,посты,найти URL через поиск,источник: neva.today 11.2022
S27,соцсети,VK-сообщество по кампаниям (Ижорская 13/39),https://vk.com/club43962110,Луговской,суд 2021 против регистрации соперницы,закрыт (VK) из песочницы,
S28,соцсети,ЗакС.Ру — TG,https://t.me/zaksru,все,мониторинг кампании в реальном времени,недоступен из песочницы,
S29,СМИ,ЗакС.Ру — тема «Выборы»,https://www.zaks.ru/new/topic/882/,все,пайплайн новостей кампании,доступно,
S30,СМИ,ЗакС.Ру — интерактивная карта кандидатов,https://www.zaks.ru/new/election/map/,все,сводка по округам,проверить из браузера,
S31,СМИ,ЗакС.Ру — досье: Гладунов / Луговской,https://www.zaks.ru/new/person/view/1664,Гладунов + Луговской,биографии + все упоминания,доступно,Луговской: /person/view/4827
S32,СМИ,"Петербургский формат — «Дебатов нет, но вроде есть»",https://spbformat.ru/main/debatov-net-no-vrode-est-kak-prohodit-kampaniya-po-vyboram-v-zaks/,все,разбор кампании + карточки избиркома по всем округам,доступно,ключевой аналитический материал сент. 2026
S33,СМИ,МР7 — кандидаты СР,https://mr-7.ru/articles/2026/07/05/spravedlivorossy-utverdili-sostav-kandidatov-v-peterburgskie-deputaty-news,Дудоладов,выдвижение съездом СР,доступно,
S34,СМИ,МР7 — гид по выборам сентябрь-2026,https://mr-7.ru/articles/2026/07/23/sentiabr-2026-gid-po-vyboram-v-peterburge,все,статистика регистрации по партиям,доступно,
S35,СМИ,Форпост СЗ — «Спаси Россию» (агитация/расходы),https://forpost-sz.ru/a/2026-09-07/spasi-rossiyu-kak-agitiruyut-kandidaty-v-deputaty-v-peterburge,Зверев + все,агитация/расходы кандидатов,доступно,
S36,СМИ,СПб Дневник — зарегистрированные кандидаты,https://spbdnevnik.ru/news/2026-07-20/v-peterburge-nazvali-chislo-vydvinutykh-i-zaregistrirovannykh-kandidatov-na-vybory-2026-goda,все,статусы регистрации 20.07.2026,доступно,
S37,СМИ,KP СПб — запрет ИИ-контента (130-ФЗ),https://www.spb.kp.ru/daily/277782/5248201/,все,правила агитации 2026,доступно,
S38,СМИ,ЗакС.Кодекс — посты о работе Гладунова,http://zaks.kodeks.net/article/771/102192/Yuriy-Gladunov-Rabota-v-tesnom-kontakte-s-zhitelyami---vazhneyshaya-sostavlyayuschaya-raboty-deputata,Гладунов,прямые цитаты,доступно,
S39,СМИ,Невские Новости — депутаты-блогеры,https://neva.today/news/2022/11/1/402004,Гладунов,наличие/размер TG-канала,доступно,
S40,СМИ,gogov.ru — кандидаты ГД окр. №213,https://gogov.ru/candidates-sep26/pushkin,Зверев,таблица: ФИО/рождение/партия/статус,доступно,
S41,реестр,unfall.ru — Дудоладов (лицо по ИНН),https://unfall.ru/person/312003007186,Дудоладов,руководство/учредительство,гео-блок из песочницы,данные зафиксированы через кэш поиска
S42,реестр,checko.ru — ООО «ПЕТРОДИЗЕЛЬ»,https://checko.ru/company/petrodizel-1067847290950,Дудоладов,доли/сотрудники/связи,гео-блок из песочницы,
S43,реестр,zachestnyibiznes.ru — Дудоладов,https://zachestnyibiznes.ru/fl/312003007186,Дудоладов,хронология деятельности/регионы,доступно через кэш,
S44,реестр,spark-interfax — ООО «ПЕТРОДИЗЕЛЬ»,https://spark-interfax.ru/sankt-peterburg-primorski/ooo-petrodizel-inn-7806331716-ogrn-1067847290950-1ac2b11e6c1c4f3f8d0649c8aed83d01,Дудоладов,реквизиты,доступно через кэш,
S45,реестр,RBC companies — ООО «ПЕТРОДИЗЕЛЬ»,https://www.rbc.ru/companies/id/1067847290950-ooo-petrodizel/,Дудоладов,доли/сотрудники,доступно через кэш,
S46,реестр,ppt.ru — профиль Луговского (2016),http://ppt.ru/person.phtml?id=10158,Луговской,место работы 2016,проверить из браузера,
S47,энциклопедия,Википедия — выборы в ЗакС СПб (2026),https://ru.wikipedia.org/wiki/Выборы_в_Законодательное_собрание_Санкт-Петербурга_(2026),все,система/округа/регистрации/нарушения/итоги,доступно,обновляется в дни голосования
S48,архив,Wayback Machine,https://web.archive.org/,все,мёртвые/удалённые страницы,доступно,обязателен для соцсетей и old.cprfspb.ru
S49,СМИ,vybor-naroda.org — выдвижение СР,https://vybor-naroda.org/lentanovostey/309947-spravorossy-vydvinuli-kandidatov-v-zaksobranie-peterburga.html,Дудоладов,перечень кандидатов СР по округам,доступно,
